age,sex,bmi,children,smoker,charges
0.299008193330648,0.05729206220202547,0.19834096883362912,0.06799822684790495,-0.7872514304984767,1.0
